source_id,institution,title,url,role_or_interface,verified_date
V11-S01,CTBTO,Regional NDC Workshop on CTBT Technologies and Simulation Exercise for Eastern Europe,https://www.ctbto.org/node/9368,"Alert-to-national-reporting workflow; data fusion; national analysis",2026-07-27
V11-S02,CTBTO,2026 NDC Workshop,https://www.ctbto.org/node/9384,"NDC preparedness exercises; state-signatory technical responsibility",2026-07-27
V11-S03,IPNDV,NuDiVe Exercise Full Documentation,https://www.ipndv.org/reports-analysis/nudive-exercise-full-documentation/,"Inspector and inspected-state roles; comprehensive dismantlement exercise",2026-07-27
V11-S04,IPNDV,Belgian Measurement Campaign,https://www.ipndv.org/reports-analysis/working-group-6-belgian-measurement-campaign/,"Technology exercise and measurement comparison",2026-07-27
V11-S05,UNIDIR,Verification Without a Treaty,https://unidir.org/publication/verification-without-a-treaty/,"Detailed protocol; open data; independent observers",2026-07-27
V11-S06,UNIDIR,Menzingen Verification Experiment,https://unidir.org/menzingen-verification-experiment-2/,"Model absence-inspection protocol and procedures",2026-07-27
V11-S07,IAEA,Enabling Collaborative Analysis: State Evaluation Groups,https://conferences.iaea.org/event/47/contributions/9005/,"Persistent multidisciplinary evaluation and recommended safeguards conclusion",2026-07-27
V11-S08,IAEA,Nuclear Safeguards Conclusions Presented in 2016 Safeguards Implementation Report,https://www.iaea.org/newscenter/news/nuclear-safeguards-conclusions-presented-in-2016-safeguards-implementation-report,"Technical evaluation of field and headquarters information",2026-07-27
V11-S09,HCoC,What is HCoC?,https://www.hcoc.at/,"Voluntary pre-launch notifications, annual declarations, and ICC coordination",2026-07-27
